Country,Code,year,life_exp,cancer_rate
Aruba,ABW,1990,73.468,
Africa Eastern and Southern,AFE,1990,51.1541131,
Afghanistan,AFG,1990,50.331,108.8
Africa Western and Central,AFW,1990,48.8169994,
Angola,AGO,1990,45.306,130.6
Albania,ALB,1990,71.836,148.1
Arab World,ARB,1990,64.35157729,
United Arab Emirates,ARE,1990,71.939,106.7
Argentina,ARG,1990,71.594,218.2
Armenia,ARM,1990,67.879,202.9
Antigua and Barbuda,ATG,1990,71.52,130.6
Australia,AUS,1990,76.99463415,452.4
Austria,AUT,1990,75.56829268,255.7
Azerbaijan,AZE,1990,64.827,141.8
Burundi,BDI,1990,47.829,135.5
Belgium,BEL,1990,76.05195122,349.2
Benin,BEN,1990,53.812,95.8
Burkina Faso,BFA,1990,49.454,112
Bangladesh,BGD,1990,58.21,106.2
Bulgaria,BGR,1990,71.64146341,247.1
Bahrain,BHR,1990,72.39,112.2
"Bahamas, The",BHS,1990,70.199,164
Bosnia and Herzegovina,BIH,1990,70.877,227.1
Belarus,BLR,1990,70.83658537,252.8
Belize,BLZ,1990,71.242,120.9
Bolivia,BOL,1990,56.099,137.5
Brazil,BRA,1990,66.343,215.4
Barbados,BRB,1990,74.704,219.2
Brunei Darussalam,BRN,1990,70.185,215.4
Bhutan,BTN,1990,52.878,81.9
Botswana,BWA,1990,59.191,109.5
Central African Republic,CAF,1990,49.104,100.4
Canada,CAN,1990,77.42195122,348
Central Europe and the Baltics,CEB,1990,70.65633134,
Switzerland,CHE,1990,77.24243902,317.6
Channel Islands,CHI,1990,75.41,
Chile,CHL,1990,73.509,180.9
China,CHN,1990,69.145,204.8
Cote d'Ivoire,CIV,1990,53.254,188.7
Cameroon,CMR,1990,53.362,127.6
"Congo, Dem. Rep.",COD,1990,49.043,292.6
"Congo, Rep.",COG,1990,54.638,111.8
Colombia,COL,1990,69.75,182.3
Comoros,COM,1990,56.677,111.8
Cabo Verde,CPV,1990,64.676,348
Costa Rica,CRI,1990,75.654,188.7
Caribbean small states,CSS,1990,70.19762945,
Cuba,CUB,1990,74.638,256.7
Cyprus,CYP,1990,76.554,292.6
Czech Republic,CZE,1990,71.38390244,292.6
Germany,DEU,1990,75.2277561,313.2
Djibouti,DJI,1990,56.678,91
Denmark,DNK,1990,74.80536585,351.1
Dominican Republic,DOM,1990,66.574,172.4
Algeria,DZA,1990,66.938,135.3
East Asia & Pacific (excluding high income),EAP,1990,67.88613844,
Early-demographic dividend,EAR,1990,60.49126279,
East Asia & Pacific,EAS,1990,68.92722262,
Europe & Central Asia (excluding high income),ECA,1990,68.18018676,
Europe & Central Asia,ECS,1990,72.0493147,
Ecuador,ECU,1990,68.899,154.6
"Egypt, Arab Rep.",EGY,1990,64.572,159.4
Euro area,EMU,1990,75.91180793,
Eritrea,ERI,1990,49.588,100.8
Spain,ESP,1990,76.83756098,277.2
Estonia,EST,1990,69.47560976,278.5
Ethiopia,ETH,1990,47.099,106.7
European Union,EUU,1990,74.7306625,
Fragile and conflict affected situations,FCS,1990,52.67991906,
Finland,FIN,1990,74.81317073,271.2
Fiji,FJI,1990,65.379,169.7
France,FRA,1990,76.6,341.9
Faroe Islands,FRO,1990,76.16585366,
"Micronesia, Fed. Sts.",FSM,1990,63.605,106.7
Gabon,GAB,1990,60.965,115.8
United Kingdom,GBR,1990,75.8804878,319.9
Georgia,GEO,1990,70.386,196.1
Ghana,GHA,1990,56.776,115.9
Guinea,GIN,1990,49.987,116.6
"Gambia, The",GMB,1990,52.221,164
Guinea-Bissau,GNB,1990,47.095,107.2
Equatorial Guinea,GNQ,1990,48.775,110.1
Greece,GRC,1990,76.93902439,264.7
Grenada,GRD,1990,69.598,264.7
Guatemala,GTM,1990,62.261,123.1
Guam,GUM,1990,71.925,
Guyana,GUY,1990,63.287,141.5
High income,HIC,1990,75.42823488,
"Hong Kong SAR, China",HKG,1990,77.3804878,
Honduras,HND,1990,66.723,133.7
Heavily indebted poor countries (HIPC),HPC,1990,49.93684831,
Croatia,HRV,1990,72.1704878,217.1
Haiti,HTI,1990,54.265,137.9
Hungary,HUN,1990,69.31560976,338.2
IBRD only,IBD,1990,65.42952454,
IDA & IBRD total,IBT,1990,63.1470105,
IDA total,IDA,1990,53.65478641,
IDA blend,IDB,1990,55.01988204,
Indonesia,IDN,1990,62.32,141.1
IDA only,IDX,1990,52.96972745,
India,IND,1990,57.865,97.1
Ireland,IRL,1990,74.80909756,372.8
"Iran, Islamic Rep.",IRN,1990,63.837,152.7
Iraq,IRQ,1990,66.011,134.9
Iceland,ISL,1990,78.03634146,265.1
Israel,ISR,1990,76.60731707,240.7
Italy,ITA,1990,76.97073171,292.6
Jamaica,JAM,1990,73.204,198.8
Jordan,JOR,1990,69.872,155.3
Japan,JPN,1990,78.83682927,285.1
Kazakhstan,KAZ,1990,68.33658537,166.9
Kenya,KEN,1990,57.406,149.2
Kyrgyz Republic,KGZ,1990,68.29756098,130.6
Cambodia,KHM,1990,53.595,135.3
Kiribati,KIR,1990,59.636,149.2
"Korea, Rep.",KOR,1990,71.59756098,242.7
Kuwait,KWT,1990,72.15,115.7
Latin America & Caribbean (excluding high income),LAC,1990,67.93334844,
Lao PDR,LAO,1990,53.364,165.8
Lebanon,LBN,1990,70.266,156.8
Liberia,LBR,1990,46.046,119.3
Libya,LBY,1990,68.503,132.2
St. Lucia,LCA,1990,71.074,174.3
Latin America & Caribbean,LCN,1990,68.31372589,
Least developed countries: UN classification,LDC,1990,51.73272764,
Low income,LIC,1990,50.61204789,
Sri Lanka,LKA,1990,69.509,105.4
Lower middle income,LMC,1990,59.33470428,
Low & middle income,LMY,1990,63.05501181,
Lesotho,LSO,1990,59.837,109
Late-demographic dividend,LTE,1990,69.06432783,
Lithuania,LTU,1990,71.16073171,293.4
Luxembourg,LUX,1990,75.01041463,291.9
Latvia,LVA,1990,69.27317073,301.5
"Macao SAR, China",MAC,1990,77.296,
St. Martin (French part),MAF,1990,74.52195122,
Morocco,MAR,1990,64.732,148.3
Moldova,MDA,1990,67.643,227
Madagascar,MDG,1990,51.003,124.3
Maldives,MDV,1990,61.529,123.7
Middle East & North Africa,MEA,1990,65.76998552,
Mexico,MEX,1990,70.866,140.4
Middle income,MIC,1990,63.9696146,
North Macedonia,MKD,1990,71.152,291.9
Mali,MLI,1990,45.746,140.3
Malta,MLT,1990,76.78607317,244.6
Myanmar,MMR,1990,56.849,136.8
Middle East & North Africa (excluding high income),MNA,1990,65.13628775,
Montenegro,MNE,1990,74.627,290.2
Mongolia,MNG,1990,60.268,215.6
Mozambique,MOZ,1990,45.261,135.3
Mauritania,MRT,1990,59.688,108.6
Mauritius,MUS,1990,69.40487805,155
Malawi,MWI,1990,46.096,154.2
Malaysia,MYS,1990,70.865,143.9
North America,NAC,1990,75.43504527,
Namibia,NAM,1990,61.608,198.3
New Caledonia,NCL,1990,70.48536585,
Niger,NER,1990,43.538,78.4
Nigeria,NGA,1990,45.9,110.4
Nicaragua,NIC,1990,64.293,135.7
Netherlands,NLD,1990,76.87804878,349.6
Norway,NOR,1990,76.53731707,327.5
Nepal,NPL,1990,54.404,80.9
New Zealand,NZL,1990,75.37804878,422.9
OECD members,OED,1990,74.54473771,
Oman,OMN,1990,67.18,103.8
Other small states,OSS,1990,62.22330742,
Pakistan,PAK,1990,60.1,110.4
Panama,PAN,1990,72.982,151
Peru,PER,1990,66.165,176.3
Philippines,PHL,1990,66.366,162
Papua New Guinea,PNG,1990,56.492,199.4
Poland,POL,1990,70.8902439,267.3
Pre-demographic dividend,PRE,1990,49.71935371,
Puerto Rico,PRI,1990,74.16917073,
"Korea, Dem. People's Rep.",PRK,1990,69.896,161.5
Portugal,PRT,1990,73.96585366,261.8
Paraguay,PRY,1990,68.545,191
West Bank and Gaza,PSE,1990,68.048,110.4
Pacific island small states,PSS,1990,65.09730049,
Post-demographic dividend,PST,1990,75.47926046,
French Polynesia,PYF,1990,68.704,
Qatar,QAT,1990,75.824,107.2
Romania,ROU,1990,69.74121951,263.1
Russian Federation,RUS,1990,68.88609756,234.3
Rwanda,RWA,1990,33.413,113.9
South Asia,SAS,1990,58.14480093,
Saudi Arabia,SAU,1990,69.078,96.4
Sudan,SDN,1990,55.5,95.7
Senegal,SEN,1990,57.202,119.5
Singapore,SGP,1990,75.29512195,233
Solomon Islands,SLB,1990,64.365,130.4
Sierra Leone,SLE,1990,38.563,102.1
El Salvador,SLV,1990,64,129.6
Somalia,SOM,1990,45.378,118.1
Sub-Saharan Africa (excluding high income),SSA,1990,50.21213255,
South Sudan,SSD,1990,43.524,
Sub-Saharan Africa,SSF,1990,50.21457407,
Small states,SST,1990,64.29750844,
Sao Tome and Principe,STP,1990,58.247,126.4
Suriname,SUR,1990,67.436,167.5
Slovak Republic,SVK,1990,70.93268293,296.8
Slovenia,SVN,1990,73.20487805,309
Sweden,SWE,1990,77.53682927,288.6
Eswatini,SWZ,1990,61.95,167.5
Seychelles,SYC,1990,68.10731707,299.2
Syrian Arab Republic,SYR,1990,70.553,317.6
Chad,TCD,1990,47.019,102.3
East Asia & Pacific (IDA & IBRD countries),TEA,1990,67.8604139,
Europe & Central Asia (IDA & IBRD countries),TEC,1990,68.47169651,
Togo,TGO,1990,55.887,111.7
Thailand,THA,1990,70.248,164
Tajikistan,TJK,1990,58.824,89.7
Turkmenistan,TKM,1990,62.81,128.8
Latin America & the Caribbean (IDA & IBRD countries),TLA,1990,68.10041873,
Timor-Leste,TLS,1990,48.492,89.7
Middle East & North Africa (IDA & IBRD countries),TMN,1990,65.11060526,
Tonga,TON,1990,68.935,111.7
South Asia (IDA & IBRD),TSA,1990,58.14480093,
Sub-Saharan Africa (IDA & IBRD countries),TSS,1990,50.21457407,
Trinidad and Tobago,TTO,1990,68.086,193.9
Tunisia,TUN,1990,68.792,133.5
Turkey,TUR,1990,64.256,231.5
Tanzania,TZA,1990,50.206,133.7
Uganda,UGA,1990,45.853,153.8
Ukraine,UKR,1990,70.09756098,212.8
Upper middle income,UMC,1990,68.7604989,
Uruguay,URY,1990,72.569,269.3
United States,USA,1990,75.21463415,362.2
Uzbekistan,UZB,1990,66.481,108.1
St. Vincent and the Grenadines,VCT,1990,70.58,174.3
"Venezuela, RB",VEN,1990,70.658,181.1
Virgin Islands (U.S.),VIR,1990,74.23585366,
Vietnam,VNM,1990,70.551,181.1
Vanuatu,VUT,1990,64.721,108.8
World,WLD,1990,65.43291923,
Samoa,WSM,1990,66.281,236.4
Kosovo,XKX,1990,66.79512195,
"Yemen, Rep.",YEM,1990,57.346,97
South Africa,ZAF,1990,63.307,209.5
Zambia,ZMB,1990,49.249,153.5
Zimbabwe,ZWE,1990,58.1,200.4
Aruba,ABW,1995,73.622,
Africa Eastern and Southern,AFE,1995,50.8084844,
Afghanistan,AFG,1995,53.398,108.8
Africa Western and Central,AFW,1995,48.90993678,
Angola,AGO,1995,45.246,130.6
Albania,ALB,1995,72.205,148.1
Arab World,ARB,1995,66.19610005,
United Arab Emirates,ARE,1995,73.194,106.7
Argentina,ARG,1995,72.651,218.2
Armenia,ARM,1995,68.938,202.9
Antigua and Barbuda,ATG,1995,72.732,130.6
Australia,AUS,1995,77.82926829,452.4
Austria,AUT,1995,76.66829268,255.7
Azerbaijan,AZE,1995,65.256,141.8
Burundi,BDI,1995,46.758,135.5
Belgium,BEL,1995,76.84073171,349.2
Benin,BEN,1995,55.203,95.8
Burkina Faso,BFA,1995,49.445,112
Bangladesh,BGD,1995,62.002,106.2
Bulgaria,BGR,1995,71.05341463,247.1
Bahrain,BHR,1995,73.413,112.2
"Bahamas, The",BHS,1995,71.451,164
Bosnia and Herzegovina,BIH,1995,71.645,227.1
Belarus,BLR,1995,68.46097561,252.8
Belize,BLZ,1995,69.439,120.9
Bolivia,BOL,1995,59.276,137.5
Brazil,BRA,1995,68.318,215.4
Barbados,BRB,1995,75.852,219.2
Brunei Darussalam,BRN,1995,71.465,215.4
Bhutan,BTN,1995,56.636,81.9
Botswana,BWA,1995,54.41,109.5
Central African Republic,CAF,1995,46.53,100.4
Canada,CAN,1995,78.02926829,348
Central Europe and the Baltics,CEB,1995,71.02542143,
Switzerland,CHE,1995,78.41707317,317.6
Channel Islands,CHI,1995,77.184,
Chile,CHL,1995,74.957,180.9
China,CHN,1995,69.885,204.8
Cote d'Ivoire,CIV,1995,51.569,188.7
Cameroon,CMR,1995,51.554,127.6
"Congo, Dem. Rep.",COD,1995,49.111,292.6
"Congo, Rep.",COG,1995,52.583,111.8
Colombia,COL,1995,71.112,182.3
Comoros,COM,1995,58.722,111.8
Cabo Verde,CPV,1995,66.224,348
Costa Rica,CRI,1995,76.579,188.7
Caribbean small states,CSS,1995,70.93751467,
Cuba,CUB,1995,75.412,256.7
Cyprus,CYP,1995,77.312,292.6
Czech Republic,CZE,1995,73.07487805,292.6
Germany,DEU,1995,76.42195122,313.2
Djibouti,DJI,1995,57.065,91
Denmark,DNK,1995,75.21268293,351.1
Dominican Republic,DOM,1995,68.164,172.4
Algeria,DZA,1995,68.54,135.3
East Asia & Pacific (excluding high income),EAP,1995,68.77409377,
Early-demographic dividend,EAR,1995,62.61931898,
East Asia & Pacific,EAS,1995,69.79646699,
Europe & Central Asia (excluding high income),ECA,1995,66.11231926,
Europe & Central Asia,ECS,1995,71.68064004,
Ecuador,ECU,1995,70.972,154.6
"Egypt, Arab Rep.",EGY,1995,66.779,159.4
Euro area,EMU,1995,76.95586062,
Eritrea,ERI,1995,52.316,100.8
Spain,ESP,1995,77.98073171,277.2
Estonia,EST,1995,67.54390244,278.5
Ethiopia,ETH,1995,49.303,106.7
European Union,EUU,1995,75.67686843,
Fragile and conflict affected situations,FCS,1995,53.41823721,
Finland,FIN,1995,76.4095122,271.2
Fiji,FJI,1995,65.15,169.7
France,FRA,1995,77.75121951,341.9
Faroe Islands,FRO,1995,77.36829268,
"Micronesia, Fed. Sts.",FSM,1995,64.049,106.7
Gabon,GAB,1995,60.175,115.8
United Kingdom,GBR,1995,76.83658537,319.9
Georgia,GEO,1995,69.718,196.1
Ghana,GHA,1995,57.528,115.9
Guinea,GIN,1995,51.744,116.6
"Gambia, The",GMB,1995,53.889,164
Guinea-Bissau,GNB,1995,48.658,107.2
Equatorial Guinea,GNQ,1995,51.184,110.1
Greece,GRC,1995,77.58536585,264.7
Grenada,GRD,1995,71.356,264.7
Guatemala,GTM,1995,65.09,123.1
Guam,GUM,1995,73.267,
Guyana,GUY,1995,64.064,141.5
High income,HIC,1995,76.28550749,
"Hong Kong SAR, China",HKG,1995,78.68292683,
Honduras,HND,1995,68.871,133.7
Heavily indebted poor countries (HIPC),HPC,1995,50.66226985,
Croatia,HRV,1995,72.08439024,217.1
Haiti,HTI,1995,55.829,137.9
Hungary,HUN,1995,69.79170732,338.2
IBRD only,IBD,1995,66.53929779,
IDA & IBRD total,IBT,1995,64.11160499,
IDA total,IDA,1995,54.59264156,
IDA blend,IDB,1995,54.88442815,
Indonesia,IDN,1995,64.291,141.1
IDA only,IDX,1995,54.44662332,
India,IND,1995,60.32,97.1
Ireland,IRL,1995,75.61756098,372.8
"Iran, Islamic Rep.",IRN,1995,68.377,152.7
Iraq,IRQ,1995,68.446,134.9
Iceland,ISL,1995,77.98439024,265.1
Israel,ISR,1995,77.45121951,240.7
Italy,ITA,1995,78.17073171,292.6
Jamaica,JAM,1995,74.133,198.8
Jordan,JOR,1995,70.885,155.3
Japan,JPN,1995,79.53634146,285.1
Kazakhstan,KAZ,1995,63.5,166.9
Kenya,KEN,1995,53.486,149.2
Kyrgyz Republic,KGZ,1995,65.7902439,130.6
Cambodia,KHM,1995,55.189,135.3
Kiribati,KIR,1995,61.539,149.2
"Korea, Rep.",KOR,1995,73.7,242.7
Kuwait,KWT,1995,72.764,115.7
Latin America & Caribbean (excluding high income),LAC,1995,69.74557688,
Lao PDR,LAO,1995,55.851,165.8
Lebanon,LBN,1995,72.125,156.8
Liberia,LBR,1995,48.314,119.3
Libya,LBY,1995,69.965,132.2
St. Lucia,LCA,1995,72.323,174.3
Latin America & Caribbean,LCN,1995,70.03638967,
Least developed countries: UN classification,LDC,1995,53.32466687,
Low income,LIC,1995,51.5415787,
Sri Lanka,LKA,1995,69.259,105.4
Lower middle income,LMC,1995,61.02492214,
Low & middle income,LMY,1995,64.00401412,
Lesotho,LSO,1995,55.782,109
Late-demographic dividend,LTE,1995,69.45195537,
Lithuania,LTU,1995,69.00634146,293.4
Luxembourg,LUX,1995,76.51219512,291.9
Latvia,LVA,1995,66.39121951,301.5
"Macao SAR, China",MAC,1995,78.925,
St. Martin (French part),MAF,1995,75.97317073,
Morocco,MAR,1995,66.846,148.3
Moldova,MDA,1995,66.867,227
Madagascar,MDG,1995,54.616,124.3
Maldives,MDV,1995,65.923,123.7
Middle East & North Africa,MEA,1995,68.25403334,
Mexico,MEX,1995,72.598,140.4
Middle income,MIC,1995,64.98171022,
North Macedonia,MKD,1995,72.08,291.9
Mali,MLI,1995,46.573,140.3
Malta,MLT,1995,77.2902439,244.6
Myanmar,MMR,1995,58.46,136.8
Middle East & North Africa (excluding high income),MNA,1995,67.71427246,
Montenegro,MNE,1995,74.099,290.2
Mongolia,MNG,1995,61.211,215.6
Mozambique,MOZ,1995,47.123,135.3
Mauritania,MRT,1995,60.426,108.6
Mauritius,MUS,1995,70.32585366,155
Malawi,MWI,1995,45.846,154.2
Malaysia,MYS,1995,71.834,143.9
North America,NAC,1995,75.86060025,
Namibia,NAM,1995,58.479,198.3
New Caledonia,NCL,1995,72.0097561,
Niger,NER,1995,46.641,78.4
Nigeria,NGA,1995,45.854,110.4
Nicaragua,NIC,1995,67.344,135.7
Netherlands,NLD,1995,77.40463415,349.6
Norway,NOR,1995,77.73658537,327.5
Nepal,NPL,1995,58.6,80.9
New Zealand,NZL,1995,76.73414634,422.9
OECD members,OED,1995,75.52776801,
Oman,OMN,1995,69.77,103.8
Other small states,OSS,1995,61.42547978,
Pakistan,PAK,1995,61.505,110.4
Panama,PAN,1995,74.092,151
Peru,PER,1995,68.903,176.3
Philippines,PHL,1995,68.231,162
Papua New Guinea,PNG,1995,58.073,199.4
Poland,POL,1995,71.89268293,267.3
Pre-demographic dividend,PRE,1995,49.83519085,
Puerto Rico,PRI,1995,74.12456098,
"Korea, Dem. People's Rep.",PRK,1995,66.537,161.5
Portugal,PRT,1995,75.31219512,261.8
Paraguay,PRY,1995,69.511,191
West Bank and Gaza,PSE,1995,69.757,110.4
Pacific island small states,PSS,1995,65.59631684,
Post-demographic dividend,PST,1995,76.07522936,
French Polynesia,PYF,1995,70.426,
Qatar,QAT,1995,76.759,107.2
Romania,ROU,1995,69.45609756,263.1
Russian Federation,RUS,1995,64.69073171,234.3
Rwanda,RWA,1995,31.037,113.9
South Asia,SAS,1995,60.58985547,
Saudi Arabia,SAU,1995,71.099,96.4
Sudan,SDN,1995,56.709,95.7
Senegal,SEN,1995,57.404,119.5
Singapore,SGP,1995,76.29512195,233
Solomon Islands,SLB,1995,65.552,130.4
Sierra Leone,SLE,1995,37.083,102.1
El Salvador,SLV,1995,67.277,129.6
Somalia,SOM,1995,47.151,118.1
Sub-Saharan Africa (excluding high income),SSA,1995,50.04472977,
South Sudan,SSD,1995,46.855,
Sub-Saharan Africa,SSF,1995,50.04762598,
Small states,SST,1995,63.86860333,
Sao Tome and Principe,STP,1995,58.795,126.4
Suriname,SUR,1995,67.731,167.5
Slovak Republic,SVK,1995,72.25365854,296.8
Slovenia,SVN,1995,73.95853659,309
Sweden,SWE,1995,78.7404878,288.6
Eswatini,SWZ,1995,57.422,167.5
Seychelles,SYC,1995,72.48292683,299.2
Syrian Arab Republic,SYR,1995,71.961,317.6
Chad,TCD,1995,47.426,102.3
East Asia & Pacific (IDA & IBRD countries),TEA,1995,68.80296307,
Europe & Central Asia (IDA & IBRD countries),TEC,1995,66.7005569,
Togo,TGO,1995,54.757,111.7
Thailand,THA,1995,70.191,164
Tajikistan,TJK,1995,58.497,89.7
Turkmenistan,TKM,1995,62.851,128.8
Latin America & the Caribbean (IDA & IBRD countries),TLA,1995,69.87220349,
Timor-Leste,TLS,1995,53.538,89.7
Middle East & North Africa (IDA & IBRD countries),TMN,1995,67.69419343,
Tonga,TON,1995,69.351,111.7
South Asia (IDA & IBRD),TSA,1995,60.58985547,
Sub-Saharan Africa (IDA & IBRD countries),TSS,1995,50.04762598,
Trinidad and Tobago,TTO,1995,68.597,193.9
Tunisia,TUN,1995,71.517,133.5
Turkey,TUR,1995,66.963,231.5
Tanzania,TZA,1995,49.287,133.7
Uganda,UGA,1995,43.824,153.8
Ukraine,UKR,1995,66.74195122,212.8
Upper middle income,UMC,1995,69.24427952,
Uruguay,URY,1995,73.62,269.3
United States,USA,1995,75.62195122,362.2
Uzbekistan,UZB,1995,66.396,108.1
St. Vincent and the Grenadines,VCT,1995,70.745,174.3
"Venezuela, RB",VEN,1995,71.321,181.1
Virgin Islands (U.S.),VIR,1995,75.50992683,
Vietnam,VNM,1995,71.923,181.1
Vanuatu,VUT,1995,66.162,108.8
World,WLD,1995,66.27387611,
Samoa,WSM,1995,67.249,236.4
Kosovo,XKX,1995,67.34390244,
"Yemen, Rep.",YEM,1995,58.817,97
South Africa,ZAF,1995,61.561,209.5
Zambia,ZMB,1995,44.242,153.5
Zimbabwe,ZWE,1995,50.48,200.4
Aruba,ABW,2000,73.787,
Africa Eastern and Southern,AFE,2000,51.27612888,
Afghanistan,AFG,2000,55.841,108.8
Africa Western and Central,AFW,2000,49.21971381,
Angola,AGO,2000,46.522,130.6
Albania,ALB,2000,73.955,148.1
Arab World,ARB,2000,67.80059145,
United Arab Emirates,ARE,2000,74.327,106.7
Argentina,ARG,2000,73.576,218.2
Armenia,ARM,2000,71.409,202.9
Antigua and Barbuda,ATG,2000,73.94,130.6
Australia,AUS,2000,79.23414634,452.4
Austria,AUT,2000,78.12682927,255.7
Azerbaijan,AZE,2000,66.763,141.8
Burundi,BDI,2000,49.091,135.5
Belgium,BEL,2000,77.72195122,349.2
Benin,BEN,2000,55.391,95.8
Burkina Faso,BFA,2000,50.489,112
Bangladesh,BGD,2000,65.447,106.2
Bulgaria,BGR,2000,71.66341463,247.1
Bahrain,BHR,2000,74.44,112.2
"Bahamas, The",BHS,2000,71.914,164
Bosnia and Herzegovina,BIH,2000,74.403,227.1
Belarus,BLR,2000,68.91219512,252.8
Belize,BLZ,2000,68.847,120.9
Bolivia,BOL,2000,62.452,137.5
Brazil,BRA,2000,70.116,215.4
Barbados,BRB,2000,77.162,219.2
Brunei Darussalam,BRN,2000,72.809,215.4
Bhutan,BTN,2000,60.884,81.9
Botswana,BWA,2000,50.629,109.5
Central African Republic,CAF,2000,44.19,100.4
Canada,CAN,2000,79.13658537,348
Central Europe and the Baltics,CEB,2000,72.71972472,
Switzerland,CHE,2000,79.6804878,317.6
Channel Islands,CHI,2000,79.037,
Chile,CHL,2000,76.366,180.9
China,CHN,2000,71.397,204.8
Cote d'Ivoire,CIV,2000,49.635,188.7
Cameroon,CMR,2000,50.993,127.6
"Congo, Dem. Rep.",COD,2000,50.041,292.6
"Congo, Rep.",COG,2000,52.123,111.8
Colombia,COL,2000,72.945,182.3
Comoros,COM,2000,59.46,111.8
Cabo Verde,CPV,2000,68.583,348
Costa Rica,CRI,2000,77.452,188.7
Caribbean small states,CSS,2000,71.41917942,
Cuba,CUB,2000,76.699,256.7
Cyprus,CYP,2000,78.009,292.6
Czech Republic,CZE,2000,74.96829268,292.6
Germany,DEU,2000,77.92682927,313.2
Djibouti,DJI,2000,57.022,91
Denmark,DNK,2000,76.59268293,351.1
Dominican Republic,DOM,2000,69.429,172.4
Algeria,DZA,2000,70.64,135.3
East Asia & Pacific (excluding high income),EAP,2000,70.13617325,
Early-demographic dividend,EAR,2000,64.40307724,
East Asia & Pacific,EAS,2000,71.17191877,
Europe & Central Asia (excluding high income),ECA,2000,67.55767194,
Europe & Central Asia,ECS,2000,73.0293742,
Ecuador,ECU,2000,72.761,154.6
"Egypt, Arab Rep.",EGY,2000,68.602,159.4
Euro area,EMU,2000,78.27507038,
Eritrea,ERI,2000,55.273,100.8
Spain,ESP,2000,78.96585366,277.2
Estonia,EST,2000,70.41707317,278.5
Ethiopia,ETH,2000,51.941,106.7
European Union,EUU,2000,77.0784478,
Fragile and conflict affected situations,FCS,2000,54.49780062,
Finland,FIN,2000,77.46585366,271.2
Fiji,FJI,2000,65.687,169.7
France,FRA,2000,79.05609756,341.9
Faroe Islands,FRO,2000,78.43414634,
"Micronesia, Fed. Sts.",FSM,2000,64.55,106.7
Gabon,GAB,2000,58.264,115.8
United Kingdom,GBR,2000,77.74146341,319.9
Georgia,GEO,2000,69.902,196.1
Ghana,GHA,2000,57.002,115.9
Guinea,GIN,2000,51.203,116.6
"Gambia, The",GMB,2000,55.956,164
Guinea-Bissau,GNB,2000,50.368,107.2
Equatorial Guinea,GNQ,2000,53.279,110.1
Greece,GRC,2000,77.88780488,264.7
Grenada,GRD,2000,72.648,264.7
Guatemala,GTM,2000,67.849,123.1
Guam,GUM,2000,75.011,
Guyana,GUY,2000,65.242,141.5
High income,HIC,2000,77.59380137,
"Hong Kong SAR, China",HKG,2000,80.87804878,
Honduras,HND,2000,70.689,133.7
Heavily indebted poor countries (HIPC),HPC,2000,52.26410061,
Croatia,HRV,2000,72.80780488,217.1
Haiti,HTI,2000,57.131,137.9
Hungary,HUN,2000,71.24634146,338.2
IBRD only,IBD,2000,68.0527888,
IDA & IBRD total,IBT,2000,65.49049277,
IDA total,IDA,2000,56.01427659,
IDA blend,IDB,2000,55.19353906,
Indonesia,IDN,2000,65.772,141.1
IDA only,IDX,2000,56.42591493,
India,IND,2000,62.505,97.1
Ireland,IRL,2000,76.53658537,372.8
"Iran, Islamic Rep.",IRN,2000,70.176,152.7
Iraq,IRQ,2000,69.082,134.9
Iceland,ISL,2000,79.65365854,265.1
Israel,ISR,2000,78.95365854,240.7
Italy,ITA,2000,79.77804878,292.6
Jamaica,JAM,2000,74.142,198.8
Jordan,JOR,2000,71.73,155.3
Japan,JPN,2000,81.07609756,285.1
Kazakhstan,KAZ,2000,65.45,166.9
Kenya,KEN,2000,50.921,149.2
Kyrgyz Republic,KGZ,2000,68.55853659,130.6
Cambodia,KHM,2000,58.432,135.3
Kiribati,KIR,2000,63.144,149.2
"Korea, Rep.",KOR,2000,75.9097561,242.7
Kuwait,KWT,2000,73.142,115.7
Latin America & Caribbean (excluding high income),LAC,2000,71.45222166,
Lao PDR,LAO,2000,58.803,165.8
Lebanon,LBN,2000,74.507,156.8
Liberia,LBR,2000,51.734,119.3
Libya,LBY,2000,70.852,132.2
St. Lucia,LCA,2000,73.319,174.3
Latin America & Caribbean,LCN,2000,71.68738957,
Least developed countries: UN classification,LDC,2000,55.47978628,
Low income,LIC,2000,53.36597129,
Sri Lanka,LKA,2000,71.333,105.4
Lower middle income,LMC,2000,62.61528962,
Low & middle income,LMY,2000,65.37546277,
Lesotho,LSO,2000,47.691,109
Late-demographic dividend,LTE,2000,70.90346746,
Lithuania,LTU,2000,72.0195122,293.4
Luxembourg,LUX,2000,77.87317073,291.9
Latvia,LVA,2000,70.31463415,301.5
"Macao SAR, China",MAC,2000,80.407,
St. Martin (French part),MAF,2000,76.87317073,
Morocco,MAR,2000,68.684,148.3
Moldova,MDA,2000,67.006,227
Madagascar,MDG,2000,58.485,124.3
Maldives,MDV,2000,70.173,123.7
Middle East & North Africa,MEA,2000,69.88725675,
Mexico,MEX,2000,74.34,140.4
Middle income,MIC,2000,66.37992333,
North Macedonia,MKD,2000,73.267,291.9
Mali,MLI,2000,48.069,140.3
Malta,MLT,2000,78.34878049,244.6
Myanmar,MMR,2000,60.063,136.8
Middle East & North Africa (excluding high income),MNA,2000,69.35469409,
Montenegro,MNE,2000,73.228,290.2
Mongolia,MNG,2000,62.869,215.6
Mozambique,MOZ,2000,48.946,135.3
Mauritania,MRT,2000,60.706,108.6
Mauritius,MUS,2000,71.66341463,155
Malawi,MWI,2000,45.09,154.2
Malaysia,MYS,2000,72.594,143.9
North America,NAC,2000,76.88199634,
Namibia,NAM,2000,52.192,198.3
New Caledonia,NCL,2000,75.16341463,
Niger,NER,2000,49.928,78.4
Nigeria,NGA,2000,46.267,110.4
Nicaragua,NIC,2000,69.527,135.7
Netherlands,NLD,2000,77.98780488,349.6
Norway,NOR,2000,78.63414634,327.5
Nepal,NPL,2000,62.288,80.9
New Zealand,NZL,2000,78.63658537,422.9
OECD members,OED,2000,76.92725513,
Oman,OMN,2000,72.126,103.8
Other small states,OSS,2000,60.24525473,
Pakistan,PAK,2000,62.82,110.4
Panama,PAN,2000,75.06,151
Peru,PER,2000,71.111,176.3
Philippines,PHL,2000,68.793,162
Papua New Guinea,PNG,2000,59.265,199.4
Poland,POL,2000,73.74878049,267.3
Pre-demographic dividend,PRE,2000,50.6737762,
Puerto Rico,PRI,2000,76.68926829,
"Korea, Dem. People's Rep.",PRK,2000,65.268,161.5
Portugal,PRT,2000,76.31463415,261.8
Paraguay,PRY,2000,70.546,191
West Bank and Gaza,PSE,2000,71.022,110.4
Pacific island small states,PSS,2000,66.55714298,
Post-demographic dividend,PST,2000,77.35564394,
French Polynesia,PYF,2000,72.303,
Qatar,QAT,2000,77.467,107.2
Romania,ROU,2000,71.16341463,263.1
Russian Federation,RUS,2000,65.48365854,234.3
Rwanda,RWA,2000,48.649,113.9
South Asia,SAS,2000,62.82398281,
Saudi Arabia,SAU,2000,72.561,96.4
Sudan,SDN,2000,58.472,95.7
Senegal,SEN,2000,57.787,119.5
Singapore,SGP,2000,77.95121951,233
Solomon Islands,SLB,2000,67.442,130.4
Sierra Leone,SLE,2000,39.441,102.1
El Salvador,SLV,2000,68.875,129.6
Somalia,SOM,2000,50.869,118.1
Sub-Saharan Africa (excluding high income),SSA,2000,50.44749089,
South Sudan,SSD,2000,49.166,
Sub-Saharan Africa,SSF,2000,50.45021391,
Small states,SST,2000,63.1110298,
Sao Tome and Principe,STP,2000,61.365,126.4
Suriname,SUR,2000,67.822,167.5
Slovak Republic,SVK,2000,73.05121951,296.8
Slovenia,SVN,2000,75.41219512,309
Sweden,SWE,2000,79.64390244,288.6
Eswatini,SWZ,2000,47.49,167.5
Seychelles,SYC,2000,72.77804878,299.2
Syrian Arab Republic,SYR,2000,73.11,317.6
Chad,TCD,2000,47.713,102.3
East Asia & Pacific (IDA & IBRD countries),TEA,2000,70.19841517,
Europe & Central Asia (IDA & IBRD countries),TEC,2000,68.15707201,
Togo,TGO,2000,53.491,111.7
Thailand,THA,2000,70.623,164
Tajikistan,TJK,2000,61.974,89.7
Turkmenistan,TKM,2000,63.613,128.8
Latin America & the Caribbean (IDA & IBRD countries),TLA,2000,71.53435678,
Timor-Leste,TLS,2000,59.002,89.7
Middle East & North Africa (IDA & IBRD countries),TMN,2000,69.3370643,
Tonga,TON,2000,69.667,111.7
South Asia (IDA & IBRD),TSA,2000,62.82398281,
Sub-Saharan Africa (IDA & IBRD countries),TSS,2000,50.45021391,
Trinidad and Tobago,TTO,2000,69.413,193.9
Tunisia,TUN,2000,73.172,133.5
Turkey,TUR,2000,70.005,231.5
Tanzania,TZA,2000,50.801,133.7
Uganda,UGA,2000,46.229,153.8
Ukraine,UKR,2000,67.67560976,212.8
Upper middle income,UMC,2000,70.59656707,
Uruguay,URY,2000,74.731,269.3
United States,USA,2000,76.63658537,362.2
Uzbekistan,UZB,2000,67.156,108.1
St. Vincent and the Grenadines,VCT,2000,70.809,174.3
"Venezuela, RB",VEN,2000,72.112,181.1
Virgin Islands (U.S.),VIR,2000,76.6195122,
Vietnam,VNM,2000,73.025,181.1
Vanuatu,VUT,2000,67.363,108.8
World,WLD,2000,67.54902,
Samoa,WSM,2000,68.748,236.4
Kosovo,XKX,2000,67.74390244,
"Yemen, Rep.",YEM,2000,60.683,97
South Africa,ZAF,2000,56.048,209.5
Zambia,ZMB,2000,44,153.5
Zimbabwe,ZWE,2000,44.649,200.4
Aruba,ABW,2005,74.287,
Africa Eastern and Southern,AFE,2005,53.96655013,
Afghanistan,AFG,2005,58.29,108.8
Africa Western and Central,AFW,2005,51.28348666,
Angola,AGO,2005,50.165,130.6
Albania,ALB,2005,75.228,148.1
Arab World,ARB,2005,69.16468296,
United Arab Emirates,ARE,2005,75.376,106.7
Argentina,ARG,2005,74.451,218.2
Armenia,ARM,2005,72.626,202.9
Antigua and Barbuda,ATG,2005,75.019,130.6
Australia,AUS,2005,80.84146341,452.4
Austria,AUT,2005,79.33170732,255.7
Azerbaijan,AZE,2005,68.747,141.8
Burundi,BDI,2005,53.369,135.5
Belgium,BEL,2005,78.9804878,349.2
Benin,BEN,2005,57.355,95.8
Burkina Faso,BFA,2005,53.31,112
Bangladesh,BGD,2005,67.773,106.2
Bulgaria,BGR,2005,72.56097561,247.1
Bahrain,BHR,2005,75.326,112.2
"Bahamas, The",BHS,2005,71.987,164
Bosnia and Herzegovina,BIH,2005,75.198,227.1
Belarus,BLR,2005,68.85121951,252.8
Belize,BLZ,2005,69.998,120.9
Bolivia,BOL,2005,65.312,137.5
Brazil,BRA,2005,71.896,215.4
Barbados,BRB,2005,77.915,219.2
Brunei Darussalam,BRN,2005,74.006,215.4
Bhutan,BTN,2005,65.289,81.9
Botswana,BWA,2005,52.13,109.5
Central African Republic,CAF,2005,44.744,100.4
Canada,CAN,2005,80.19268293,348
Central Europe and the Baltics,CEB,2005,73.84499514,
Switzerland,CHE,2005,81.23658537,317.6
Channel Islands,CHI,2005,80.298,
Chile,CHL,2005,77.63,180.9
China,CHN,2005,72.985,204.8
Cote d'Ivoire,CIV,2005,50.12,188.7
Cameroon,CMR,2005,52.76,127.6
"Congo, Dem. Rep.",COD,2005,53.675,292.6
"Congo, Rep.",COG,2005,55.6,111.8
Colombia,COL,2005,74.265,182.3
Comoros,COM,2005,60.126,111.8
Cabo Verde,CPV,2005,70.424,348
Costa Rica,CRI,2005,78.117,188.7
Caribbean small states,CSS,2005,72.05570873,
Cuba,CUB,2005,77.688,256.7
Cyprus,CYP,2005,78.63,292.6
Czech Republic,CZE,2005,75.92439024,292.6
Germany,DEU,2005,78.93170732,313.2
Djibouti,DJI,2005,57.991,91
Denmark,DNK,2005,77.84390244,351.1
Dominican Republic,DOM,2005,70.771,172.4
Algeria,DZA,2005,73.072,135.3
East Asia & Pacific (excluding high income),EAP,2005,71.64072952,
Early-demographic dividend,EAR,2005,66.10620881,
East Asia & Pacific,EAS,2005,72.62462075,
Europe & Central Asia (excluding high income),ECA,2005,68.38908829,
Europe & Central Asia,ECS,2005,74.12110476,
Ecuador,ECU,2005,74.112,154.6
"Egypt, Arab Rep.",EGY,2005,69.434,159.4
Euro area,EMU,2005,79.42628302,
Eritrea,ERI,2005,58.707,100.8
Spain,ESP,2005,80.17073171,277.2
Estonia,EST,2005,72.56829268,278.5
Ethiopia,ETH,2005,56.223,106.7
European Union,EUU,2005,78.27264114,
Fragile and conflict affected situations,FCS,2005,56.5966202,
Finland,FIN,2005,78.81707317,271.2
Fiji,FJI,2005,66.313,169.7
France,FRA,2005,80.16341463,341.9
Faroe Islands,FRO,2005,79.44146341,
"Micronesia, Fed. Sts.",FSM,2005,65.489,106.7
Gabon,GAB,2005,58.181,115.8
United Kingdom,GBR,2005,79.04878049,319.9
Georgia,GEO,2005,70.538,196.1
Ghana,GHA,2005,58.719,115.9
Guinea,GIN,2005,53.238,116.6
"Gambia, The",GMB,2005,57.939,164
Guinea-Bissau,GNB,2005,52.275,107.2
Equatorial Guinea,GNQ,2005,54.449,110.1
Greece,GRC,2005,79.23902439,264.7
Grenada,GRD,2005,73.123,264.7
Guatemala,GTM,2005,69.762,123.1
Guam,GUM,2005,76.687,
Guyana,GUY,2005,66.694,141.5
High income,HIC,2005,78.67339638,
"Hong Kong SAR, China",HKG,2005,81.62926829,
Honduras,HND,2005,72.026,133.7
Heavily indebted poor countries (HIPC),HPC,2005,55.24228463,
Croatia,HRV,2005,75.24463415,217.1
Haiti,HTI,2005,58.652,137.9
Hungary,HUN,2005,72.64878049,338.2
IBRD only,IBD,2005,69.49572996,
IDA & IBRD total,IBT,2005,66.98413456,
IDA total,IDA,2005,58.27971638,
IDA blend,IDB,2005,56.79777194,
Indonesia,IDN,2005,67.334,141.1
IDA only,IDX,2005,59.01959152,
India,IND,2005,64.5,97.1
Ireland,IRL,2005,78.94390244,372.8
"Iran, Islamic Rep.",IRN,2005,71.917,152.7
Iraq,IRQ,2005,68.266,134.9
Iceland,ISL,2005,81.50243902,265.1
Israel,ISR,2005,80.15121951,240.7
Italy,ITA,2005,80.78292683,292.6
Jamaica,JAM,2005,74.148,198.8
Jordan,JOR,2005,72.595,155.3
Japan,JPN,2005,81.92512195,285.1
Kazakhstan,KAZ,2005,65.86,166.9
Kenya,KEN,2005,54.732,149.2
Kyrgyz Republic,KGZ,2005,67.95609756,130.6
Cambodia,KHM,2005,63.088,135.3
Kiribati,KIR,2005,64.478,149.2
"Korea, Rep.",KOR,2005,78.16829268,242.7
Kuwait,KWT,2005,73.538,115.7
Latin America & Caribbean (excluding high income),LAC,2005,72.86918568,
Lao PDR,LAO,2005,61.625,165.8
Lebanon,LBN,2005,76.865,156.8
Liberia,LBR,2005,55.393,119.3
Libya,LBY,2005,71.902,132.2
St. Lucia,LCA,2005,74.122,174.3
Latin America & Caribbean,LCN,2005,73.06052666,
Least developed countries: UN classification,LDC,2005,58.25570484,
Low income,LIC,2005,56.44310836,
Sri Lanka,LKA,2005,74.695,105.4
Lower middle income,LMC,2005,64.34408993,
Low & middle income,LMY,2005,66.88491828,
Lesotho,LSO,2005,42.658,109
Late-demographic dividend,LTE,2005,72.40185463,
Lithuania,LTU,2005,71.25365854,293.4
Luxembourg,LUX,2005,79.43170732,291.9
Latvia,LVA,2005,71.35609756,301.5
"Macao SAR, China",MAC,2005,81.523,
St. Martin (French part),MAF,2005,77.67317073,
Morocco,MAR,2005,71.746,148.3
Moldova,MDA,2005,67.82,227
Madagascar,MDG,2005,61.212,124.3
Maldives,MDV,2005,73.612,123.7
Middle East & North Africa,MEA,2005,71.31003055,
Mexico,MEX,2005,75.3,140.4
Middle income,MIC,2005,67.83160487,
North Macedonia,MKD,2005,73.986,291.9
Mali,MLI,2005,52.057,140.3
Malta,MLT,2005,79.3,244.6
Myanmar,MMR,2005,61.607,136.8
Middle East & North Africa (excluding high income),MNA,2005,70.8130182,
Montenegro,MNE,2005,73.642,290.2
Mongolia,MNG,2005,65.103,215.6
Mozambique,MOZ,2005,50.387,135.3
Mauritania,MRT,2005,61.349,108.6
Mauritius,MUS,2005,72.43219512,155
Malawi,MWI,2005,47.844,154.2
Malaysia,MYS,2005,73.555,143.9
North America,NAC,2005,77.75408225,
Namibia,NAM,2005,50.931,198.3
New Caledonia,NCL,2005,75.72195122,
Niger,NER,2005,53.411,78.4
Nigeria,NGA,2005,48.252,110.4
Nicaragua,NIC,2005,71.195,135.7
Netherlands,NLD,2005,79.34634146,349.6
Norway,NOR,2005,80.04146341,327.5
Nepal,NPL,2005,65.264,80.9
New Zealand,NZL,2005,79.85121951,422.9
OECD members,OED,2005,78.06314654,
Oman,OMN,2005,74.23,103.8
Other small states,OSS,2005,60.90023293,
Pakistan,PAK,2005,63.951,110.4
Panama,PAN,2005,75.892,151
Peru,PER,2005,72.908,176.3
Philippines,PHL,2005,69.112,162
Papua New Guinea,PNG,2005,60.534,199.4
Poland,POL,2005,74.99512195,267.3
Pre-demographic dividend,PRE,2005,53.2699022,
Puerto Rico,PRI,2005,78.29609756,
"Korea, Dem. People's Rep.",PRK,2005,68.389,161.5
Portugal,PRT,2005,78.07073171,261.8
Paraguay,PRY,2005,71.667,191
West Bank and Gaza,PSE,2005,72.028,110.4
Pacific island small states,PSS,2005,67.63693106,
Post-demographic dividend,PST,2005,78.43332159,
French Polynesia,PYF,2005,74.116,
Qatar,QAT,2005,78.252,107.2
Romania,ROU,2005,71.91219512,263.1
Russian Federation,RUS,2005,65.5297561,234.3
Rwanda,RWA,2005,55.254,113.9
South Asia,SAS,2005,64.78317085,
Saudi Arabia,SAU,2005,73.256,96.4
Sudan,SDN,2005,60.525,95.7
Senegal,SEN,2005,60.62,119.5
Singapore,SGP,2005,79.9902439,233
Solomon Islands,SLB,2005,69.158,130.4
Sierra Leone,SLE,2005,44.502,102.1
El Salvador,SLV,2005,70.124,129.6
Somalia,SOM,2005,52.346,118.1
Sub-Saharan Africa (excluding high income),SSA,2005,52.88432687,
South Sudan,SSD,2005,51.686,
Sub-Saharan Africa,SSF,2005,52.88642826,
Small states,SST,2005,63.67199261,
Sao Tome and Principe,STP,2005,64.659,126.4
Suriname,SUR,2005,68.877,167.5
Slovak Republic,SVK,2005,73.90487805,296.8
Slovenia,SVN,2005,77.61219512,309
Sweden,SWE,2005,80.54634146,288.6
Eswatini,SWZ,2005,42.518,167.5
Seychelles,SYC,2005,72.13170732,299.2
Syrian Arab Republic,SYR,2005,74.43,317.6
Chad,TCD,2005,48.549,102.3
East Asia & Pacific (IDA & IBRD countries),TEA,2005,71.68224162,
Europe & Central Asia (IDA & IBRD countries),TEC,2005,69.03749475,
Togo,TGO,2005,54.602,111.7
Thailand,THA,2005,72.099,164
Tajikistan,TJK,2005,66.08,89.7
Turkmenistan,TKM,2005,65.017,128.8
Latin America & the Caribbean (IDA & IBRD countries),TLA,2005,72.92378548,
Timor-Leste,TLS,2005,63.882,89.7
Middle East & North Africa (IDA & IBRD countries),TMN,2005,70.79963482,
Tonga,TON,2005,69.836,111.7
South Asia (IDA & IBRD),TSA,2005,64.78317085,
Sub-Saharan Africa (IDA & IBRD countries),TSS,2005,52.88642826,
Trinidad and Tobago,TTO,2005,70.691,193.9
Tunisia,TUN,2005,74.217,133.5
Turkey,TUR,2005,72.424,231.5
Tanzania,TZA,2005,54.349,133.7
Uganda,UGA,2005,51.676,153.8
Ukraine,UKR,2005,67.95682927,212.8
Upper middle income,UMC,2005,71.92226952,
Uruguay,URY,2005,75.826,269.3
United States,USA,2005,77.48780488,362.2
Uzbekistan,UZB,2005,68.407,108.1
St. Vincent and the Grenadines,VCT,2005,71.331,174.3
"Venezuela, RB",VEN,2005,72.852,181.1
Virgin Islands (U.S.),VIR,2005,77.42195122,
Vietnam,VNM,2005,74.092,181.1
Vanuatu,VUT,2005,68.35,108.8
World,WLD,2005,68.92030363,
Samoa,WSM,2005,70.374,236.4
Kosovo,XKX,2005,68.79268293,
"Yemen, Rep.",YEM,2005,63.481,97
South Africa,ZAF,2005,53.447,209.5
Zambia,ZMB,2005,48.496,153.5
Zimbabwe,ZWE,2005,43.241,200.4
Aruba,ABW,2010,75.017,
Africa Eastern and Southern,AFE,2010,58.47069668,
Afghanistan,AFG,2010,61.028,108.8
Africa Western and Central,AFW,2010,54.14430671,
Angola,AGO,2010,55.35,130.6
Albania,ALB,2010,76.562,148.1
Arab World,ARB,2010,70.34991642,
United Arab Emirates,ARE,2010,76.332,106.7
Argentina,ARG,2010,75.278,218.2
Armenia,ARM,2010,73.331,202.9
Antigua and Barbuda,ATG,2010,75.823,130.6
Australia,AUS,2010,81.69512195,452.4
Austria,AUT,2010,80.5804878,255.7
Azerbaijan,AZE,2010,70.938,141.8
Burundi,BDI,2010,57.228,135.5
Belgium,BEL,2010,80.18292683,349.2
Benin,BEN,2010,59.318,95.8
Burkina Faso,BFA,2010,57.096,112
Bangladesh,BGD,2010,69.881,106.2
Bulgaria,BGR,2010,73.51219512,247.1
Bahrain,BHR,2010,76.057,112.2
"Bahamas, The",BHS,2010,72.144,164
Bosnia and Herzegovina,BIH,2010,76.031,227.1
Belarus,BLR,2010,70.40487805,252.8
Belize,BLZ,2010,72.057,120.9
Bolivia,BOL,2010,68.007,137.5
Brazil,BRA,2010,73.619,215.4
Barbados,BRB,2010,78.364,219.2
Brunei Darussalam,BRN,2010,74.74,215.4
Bhutan,BTN,2010,68.384,81.9
Botswana,BWA,2010,60.211,109.5
Central African Republic,CAF,2010,47.312,100.4
Canada,CAN,2010,81.24634146,348
Central Europe and the Baltics,CEB,2010,75.29396578,
Switzerland,CHE,2010,82.24634146,317.6
Channel Islands,CHI,2010,81.483,
Chile,CHL,2010,78.779,180.9
China,CHN,2010,74.409,204.8
Cote d'Ivoire,CIV,2010,52.964,188.7
Cameroon,CMR,2010,55.101,127.6
"Congo, Dem. Rep.",COD,2010,56.909,292.6
"Congo, Rep.",COG,2010,60.093,111.8
Colombia,COL,2010,75.424,182.3
Comoros,COM,2010,61.862,111.8
Cabo Verde,CPV,2010,71.062,348
Costa Rica,CRI,2010,78.769,188.7
Caribbean small states,CSS,2010,72.67940423,
Cuba,CUB,2010,78.338,256.7
Cyprus,CYP,2010,79.43,292.6
Czech Republic,CZE,2010,77.42439024,292.6
Germany,DEU,2010,79.98780488,313.2
Djibouti,DJI,2010,60.062,91
Denmark,DNK,2010,79.1,351.1
Dominican Republic,DOM,2010,72.046,172.4
Algeria,DZA,2010,74.938,135.3
East Asia & Pacific (excluding high income),EAP,2010,73.06626429,
Early-demographic dividend,EAR,2010,68.05602104,
East Asia & Pacific,EAS,2010,74.01299917,
Europe & Central Asia (excluding high income),ECA,2010,70.79403264,
Europe & Central Asia,ECS,2010,75.94408335,
Ecuador,ECU,2010,75.089,154.6
"Egypt, Arab Rep.",EGY,2010,70.349,159.4
Euro area,EMU,2010,80.74678096,
Eritrea,ERI,2010,62.193,100.8
Spain,ESP,2010,81.62682927,277.2
Estonia,EST,2010,75.42926829,278.5
Ethiopia,ETH,2010,61.627,106.7
European Union,EUU,2010,79.62942605,
Fragile and conflict affected situations,FCS,2010,59.12058102,
Finland,FIN,2010,79.87073171,271.2
Fiji,FJI,2010,66.655,169.7
France,FRA,2010,81.66341463,341.9
Faroe Islands,FRO,2010,80.63902439,
"Micronesia, Fed. Sts.",FSM,2010,66.471,106.7
Gabon,GAB,2010,61.4,115.8
United Kingdom,GBR,2010,80.40243902,319.9
Georgia,GEO,2010,71.46,196.1
Ghana,GHA,2010,61.03,115.9
Guinea,GIN,2010,56.861,116.6
"Gambia, The",GMB,2010,59.637,164
Guinea-Bissau,GNB,2010,54.628,107.2
Equatorial Guinea,GNQ,2010,55.622,110.1
Greece,GRC,2010,80.38780488,264.7
Grenada,GRD,2010,72.867,264.7
Guatemala,GTM,2010,71.481,123.1
Guam,GUM,2010,77.941,
Guyana,GUY,2010,68.059,141.5
High income,HIC,2010,79.82621319,
"Hong Kong SAR, China",HKG,2010,82.97804878,
Honduras,HND,2010,73.317,133.7
Heavily indebted poor countries (HIPC),HPC,2010,58.85894745,
Croatia,HRV,2010,76.47560976,217.1
Haiti,HTI,2010,60.511,137.9
Hungary,HUN,2010,74.20731707,338.2
IBRD only,IBD,2010,71.16152936,
IDA & IBRD total,IBT,2010,68.76812198,
IDA total,IDA,2010,61.00702034,
IDA blend,IDB,2010,59.20835377,
Indonesia,IDN,2010,69.205,141.1
IDA only,IDX,2010,61.90905118,
India,IND,2010,66.693,97.1
Ireland,IRL,2010,80.74390244,372.8
"Iran, Islamic Rep.",IRN,2010,73.905,152.7
Iraq,IRQ,2010,68.567,134.9
Iceland,ISL,2010,81.89756098,265.1
Israel,ISR,2010,81.60243902,240.7
Italy,ITA,2010,82.03658537,292.6
Jamaica,JAM,2010,74.038,198.8
Jordan,JOR,2010,73.428,155.3
Japan,JPN,2010,82.84268293,285.1
Kazakhstan,KAZ,2010,68.45,166.9
Kenya,KEN,2010,60.959,149.2
Kyrgyz Republic,KGZ,2010,69.3,130.6
Cambodia,KHM,2010,66.56,135.3
Kiribati,KIR,2010,65.769,149.2
"Korea, Rep.",KOR,2010,80.11707317,242.7
Kuwait,KWT,2010,74.358,115.7
Latin America & Caribbean (excluding high income),LAC,2010,73.95428629,
Lao PDR,LAO,2010,64.306,165.8
Lebanon,LBN,2010,78.36,156.8
Liberia,LBR,2010,59.6,119.3
Libya,LBY,2010,72.044,132.2
St. Lucia,LCA,2010,74.852,174.3
Latin America & Caribbean,LCN,2010,74.09722025,
Least developed countries: UN classification,LDC,2010,61.38893391,
Low income,LIC,2010,59.73973971,
Sri Lanka,LKA,2010,75.439,105.4
Lower middle income,LMC,2010,66.37215852,
Low & middle income,LMY,2010,68.68060387,
Lesotho,LSO,2010,45.1,109
Late-demographic dividend,LTE,2010,73.98340809,
Lithuania,LTU,2010,73.26829268,293.4
Luxembourg,LUX,2010,80.63170732,291.9
Latvia,LVA,2010,73.48292683,301.5
"Macao SAR, China",MAC,2010,82.704,
St. Martin (French part),MAF,2010,78.52195122,
Morocco,MAR,2010,74.382,148.3
Moldova,MDA,2010,69.616,227
Madagascar,MDG,2010,63.388,124.3
Maldives,MDV,2010,75.905,123.7
Middle East & North Africa,MEA,2010,72.53918362,
Mexico,MEX,2010,75.065,140.4
Middle income,MIC,2010,69.55973368,
North Macedonia,MKD,2010,74.662,291.9
Mali,MLI,2010,55.251,140.3
Malta,MLT,2010,81.39756098,244.6
Myanmar,MMR,2010,63.525,136.8
Middle East & North Africa (excluding high income),MNA,2010,72.01470099,
Montenegro,MNE,2010,75.151,290.2
Mongolia,MNG,2010,67.38,215.6
Mozambique,MOZ,2010,52.31,135.3
Mauritania,MRT,2010,62.527,108.6
Mauritius,MUS,2010,72.96731707,155
Malawi,MWI,2010,55.564,154.2
Malaysia,MYS,2010,74.493,143.9
North America,NAC,2010,78.80945553,
Namibia,NAM,2010,56.665,198.3
New Caledonia,NCL,2010,77.2804878,
Niger,NER,2010,57.333,78.4
Nigeria,NGA,2010,50.896,110.4
Nicaragua,NIC,2010,72.428,135.7
Netherlands,NLD,2010,80.70243902,349.6
Norway,NOR,2010,80.99756098,327.5
Nepal,NPL,2010,67.611,80.9
New Zealand,NZL,2010,80.70243902,422.9
OECD members,OED,2010,79.14888714,
Oman,OMN,2010,75.682,103.8
Other small states,OSS,2010,64.30884322,
Pakistan,PAK,2010,65.264,110.4
Panama,PAN,2010,76.792,151
Peru,PER,2010,74.41,176.3
Philippines,PHL,2010,69.823,162
Papua New Guinea,PNG,2010,62.029,199.4
Poland,POL,2010,76.24634146,267.3
Pre-demographic dividend,PRE,2010,56.59345632,
Puerto Rico,PRI,2010,78.41909756,
"Korea, Dem. People's Rep.",PRK,2010,69.571,161.5
Portugal,PRT,2010,79.02682927,261.8
Paraguay,PRY,2010,72.653,191
West Bank and Gaza,PSE,2010,72.788,110.4
Pacific island small states,PSS,2010,68.48523385,
Post-demographic dividend,PST,2010,79.68613989,
French Polynesia,PYF,2010,75.611,
Qatar,QAT,2010,79.108,107.2
Romania,ROU,2010,73.45853659,263.1
Russian Federation,RUS,2010,68.84121951,234.3
Rwanda,RWA,2010,63.433,113.9
South Asia,SAS,2010,66.8487685,
Saudi Arabia,SAU,2010,73.917,96.4
Sudan,SDN,2010,62.764,95.7
Senegal,SEN,2010,64.284,119.5
Singapore,SGP,2010,81.54146341,233
Solomon Islands,SLB,2010,70.674,130.4
Sierra Leone,SLE,2010,49.382,102.1
El Salvador,SLV,2010,71.21,129.6
Somalia,SOM,2010,53.99,118.1
Sub-Saharan Africa (excluding high income),SSA,2010,56.72376828,
South Sudan,SSD,2010,54.8,
Sub-Saharan Africa,SSF,2010,56.72547002,
Small states,SST,2010,66.2011978,
Sao Tome and Principe,STP,2010,67.43,126.4
Suriname,SUR,2010,70.465,167.5
Slovak Republic,SVK,2010,75.11219512,296.8
Slovenia,SVN,2010,79.42195122,309
Sweden,SWE,2010,81.45121951,288.6
Eswatini,SWZ,2010,46.601,167.5
Seychelles,SYC,2010,73.19756098,299.2
Syrian Arab Republic,SYR,2010,72.108,317.6
Chad,TCD,2010,50.89,102.3
East Asia & Pacific (IDA & IBRD countries),TEA,2010,73.11046429,
Europe & Central Asia (IDA & IBRD countries),TEC,2010,71.32043299,
Togo,TGO,2010,57.468,111.7
Thailand,THA,2010,74.184,164
Tajikistan,TJK,2010,68.736,89.7
Turkmenistan,TKM,2010,66.657,128.8
Latin America & the Caribbean (IDA & IBRD countries),TLA,2010,73.98334578,
Timor-Leste,TLS,2010,67.186,89.7
Middle East & North Africa (IDA & IBRD countries),TMN,2010,72.00580157,
Tonga,TON,2010,70.059,111.7
South Asia (IDA & IBRD),TSA,2010,66.8487685,
Sub-Saharan Africa (IDA & IBRD countries),TSS,2010,56.72547002,
Trinidad and Tobago,TTO,2010,71.946,193.9
Tunisia,TUN,2010,75.041,133.5
Turkey,TUR,2010,74.507,231.5
Tanzania,TZA,2010,58.584,133.7
Uganda,UGA,2010,57.099,153.8
Ukraine,UKR,2010,70.26536585,212.8
Upper middle income,UMC,2010,73.47072866,
Uruguay,URY,2010,76.75,269.3
United States,USA,2010,78.54146341,362.2
Uzbekistan,UZB,2010,69.672,108.1
St. Vincent and the Grenadines,VCT,2010,71.776,174.3
"Venezuela, RB",VEN,2010,73.134,181.1
Virgin Islands (U.S.),VIR,2010,77.86585366,
Vietnam,VNM,2010,74.837,181.1
Vanuatu,VUT,2010,69.123,108.8
World,WLD,2010,70.55658242,
Samoa,WSM,2010,71.663,236.4
Kosovo,XKX,2010,70.14390244,
"Yemen, Rep.",YEM,2010,65.549,97
South Africa,ZAF,2010,57.669,209.5
Zambia,ZMB,2010,55.655,153.5
Zimbabwe,ZWE,2010,50.64,200.4
Aruba,ABW,2015,75.725,
Africa Eastern and Southern,AFE,2015,62.25928837,
Afghanistan,AFG,2015,63.377,108.8
Africa Western and Central,AFW,2015,56.54200914,
Angola,AGO,2015,59.398,130.6
Albania,ALB,2015,78.025,148.1
Arab World,ARB,2015,71.24957097,
United Arab Emirates,ARE,2015,77.285,106.7
Argentina,ARG,2015,76.068,218.2
Armenia,ARM,2015,74.467,202.9
Antigua and Barbuda,ATG,2015,76.483,130.6
Australia,AUS,2015,82.4,452.4
Austria,AUT,2015,81.1902439,255.7
Azerbaijan,AZE,2015,72.266,141.8
Burundi,BDI,2015,60.123,135.5
Belgium,BEL,2015,80.99268293,349.2
Benin,BEN,2015,60.608,95.8
Burkina Faso,BFA,2015,59.919,112
Bangladesh,BGD,2015,71.514,106.2
Bulgaria,BGR,2015,74.61463415,247.1
Bahrain,BHR,2015,76.762,112.2
"Bahamas, The",BHS,2015,73.088,164
Bosnia and Herzegovina,BIH,2015,76.865,227.1
Belarus,BLR,2015,73.62439024,252.8
Belize,BLZ,2015,74.034,120.9
Bolivia,BOL,2015,70.277,137.5
Brazil,BRA,2015,74.994,215.4
Barbados,BRB,2015,78.801,219.2
Brunei Darussalam,BRN,2015,75.318,215.4
Bhutan,BTN,2015,70.419,81.9
Botswana,BWA,2015,67.338,109.5
Central African Republic,CAF,2015,50.881,100.4
Canada,CAN,2015,81.9,348
Central Europe and the Baltics,CEB,2015,76.57187776,
Switzerland,CHE,2015,82.89756098,317.6
Channel Islands,CHI,2015,82.429,
Chile,CHL,2015,79.646,180.9
China,CHN,2015,75.928,204.8
Cote d'Ivoire,CIV,2015,56.065,188.7
Cameroon,CMR,2015,57.583,127.6
"Congo, Dem. Rep.",COD,2015,59.254,292.6
"Congo, Rep.",COG,2015,63.097,111.8
Colombia,COL,2015,76.531,182.3
Comoros,COM,2015,63.471,111.8
Cabo Verde,CPV,2015,72.117,348
Costa Rica,CRI,2015,79.565,188.7
Caribbean small states,CSS,2015,73.2730249,
Cuba,CUB,2015,78.561,256.7
Cyprus,CYP,2015,80.35,292.6
Czech Republic,CZE,2015,78.57804878,292.6
Germany,DEU,2015,80.64146341,313.2
Djibouti,DJI,2015,64.136,91
Denmark,DNK,2015,80.70243902,351.1
Dominican Republic,DOM,2015,73.241,172.4
Algeria,DZA,2015,76.09,135.3
East Asia & Pacific (excluding high income),EAP,2015,74.50227185,
Early-demographic dividend,EAR,2015,69.74850623,
East Asia & Pacific,EAS,2015,75.39461357,
Europe & Central Asia (excluding high income),ECA,2015,72.70699127,
Europe & Central Asia,ECS,2015,77.24081033,
Ecuador,ECU,2015,76.143,154.6
"Egypt, Arab Rep.",EGY,2015,71.302,159.4
Euro area,EMU,2015,81.5692291,
Eritrea,ERI,2015,64.664,100.8
Spain,ESP,2015,82.83170732,277.2
Estonia,EST,2015,77.5902439,278.5
Ethiopia,ETH,2015,65.048,106.7
European Union,EUU,2015,80.56680714,
Fragile and conflict affected situations,FCS,2015,61.22104656,
Finland,FIN,2015,81.4804878,271.2
Fiji,FJI,2015,67.103,169.7
France,FRA,2015,82.32195122,341.9
Faroe Islands,FRO,2015,81.84390244,
"Micronesia, Fed. Sts.",FSM,2015,67.315,106.7
Gabon,GAB,2015,64.913,115.8
United Kingdom,GBR,2015,80.95609756,319.9
Georgia,GEO,2015,72.973,196.1
Ghana,GHA,2015,62.772,115.9
Guinea,GIN,2015,59.598,116.6
"Gambia, The",GMB,2015,60.91,164
Guinea-Bissau,GNB,2015,56.959,107.2
Equatorial Guinea,GNQ,2015,57.359,110.1
Greece,GRC,2015,81.03658537,264.7
Grenada,GRD,2015,72.445,264.7
Guatemala,GTM,2015,73.25,123.1
Guam,GUM,2015,79.144,
Guyana,GUY,2015,69.262,141.5
High income,HIC,2015,80.49851928,
"Hong Kong SAR, China",HKG,2015,84.27804878,
Honduras,HND,2015,74.495,133.7
Heavily indebted poor countries (HIPC),HPC,2015,61.85295289,
Croatia,HRV,2015,77.27560976,217.1
Haiti,HTI,2015,62.485,137.9
Hungary,HUN,2015,75.56829268,338.2
IBRD only,IBD,2015,72.7021799,
IDA & IBRD total,IBT,2015,70.36397352,
IDA total,IDA,2015,63.23268056,
IDA blend,IDB,2015,61.25627871,
Indonesia,IDN,2015,70.768,141.1
IDA only,IDX,2015,64.23192906,
India,IND,2015,68.607,97.1
Ireland,IRL,2015,81.45365854,372.8
"Iran, Islamic Rep.",IRN,2015,75.796,152.7
Iraq,IRQ,2015,69.929,134.9
Iceland,ISL,2015,82.46829268,265.1
Israel,ISR,2015,82.05121951,240.7
Italy,ITA,2015,82.54390244,292.6
Jamaica,JAM,2015,74.098,198.8
Jordan,JOR,2015,74.078,155.3
Japan,JPN,2015,83.79390244,285.1
Kazakhstan,KAZ,2015,71.97,166.9
Kenya,KEN,2015,64.798,149.2
Kyrgyz Republic,KGZ,2015,70.65121951,130.6
Cambodia,KHM,2015,68.637,135.3
Kiribati,KIR,2015,67.291,149.2
"Korea, Rep.",KOR,2015,82.02439024,242.7
Kuwait,KWT,2015,75.13,115.7
Latin America & Caribbean (excluding high income),LAC,2015,74.89944926,
Lao PDR,LAO,2015,66.546,165.8
Lebanon,LBN,2015,78.768,156.8
Liberia,LBR,2015,62.269,119.3
Libya,LBY,2015,72.121,132.2
St. Lucia,LCA,2015,75.596,174.3
Latin America & Caribbean,LCN,2015,74.96168764,
Least developed countries: UN classification,LDC,2015,63.94777733,
Low income,LIC,2015,62.23539883,
Sri Lanka,LKA,2015,76.316,105.4
Lower middle income,LMC,2015,68.11004773,
Low & middle income,LMY,2015,70.2944613,
Lesotho,LSO,2015,51.038,109
Late-demographic dividend,LTE,2015,75.4727237,
Lithuania,LTU,2015,74.32195122,293.4
Luxembourg,LUX,2015,82.29268293,291.9
Latvia,LVA,2015,74.4804878,301.5
"Macao SAR, China",MAC,2015,83.707,
St. Martin (French part),MAF,2015,79.32195122,
Morocco,MAR,2015,75.726,148.3
Moldova,MDA,2015,71.478,227
Madagascar,MDG,2015,65.539,124.3
Maldives,MDV,2015,77.691,123.7
Middle East & North Africa,MEA,2015,73.51484469,
Mexico,MEX,2015,74.904,140.4
Middle income,MIC,2015,71.1432131,
North Macedonia,MKD,2015,75.406,291.9
Mali,MLI,2015,57.509,140.3
Malta,MLT,2015,81.89756098,244.6
Myanmar,MMR,2015,65.81,136.8
Middle East & North Africa (excluding high income),MNA,2015,73.00029604,
Montenegro,MNE,2015,76.452,290.2
Mongolia,MNG,2015,69.111,215.6
Mozambique,MOZ,2015,57.206,135.3
Mauritania,MRT,2015,63.936,108.6
Mauritius,MUS,2015,74.35317073,155
Malawi,MWI,2015,61.953,154.2
Malaysia,MYS,2015,75.461,143.9
North America,NAC,2015,79.01211433,
Namibia,NAM,2015,62.119,198.3
New Caledonia,NCL,2015,77.2804878,
Niger,NER,2015,60.631,78.4
Nigeria,NGA,2015,53.112,110.4
Nicaragua,NIC,2015,73.649,135.7
Netherlands,NLD,2015,81.5097561,349.6
Norway,NOR,2015,82.30487805,327.5
Nepal,NPL,2015,69.515,80.9
New Zealand,NZL,2015,81.45682927,422.9
OECD members,OED,2015,79.81127706,
Oman,OMN,2015,76.887,103.8
Other small states,OSS,2015,67.40524107,
Pakistan,PAK,2015,66.577,110.4
Panama,PAN,2015,77.776,151
Peru,PER,2015,75.792,176.3
Philippines,PHL,2015,70.644,162
Papua New Guinea,PNG,2015,63.466,199.4
Poland,POL,2015,77.45121951,267.3
Pre-demographic dividend,PRE,2015,59.51195887,
Puerto Rico,PRI,2015,79.3534878,
"Korea, Dem. People's Rep.",PRK,2015,71.481,161.5
Portugal,PRT,2015,81.12439024,261.8
Paraguay,PRY,2015,73.662,191
West Bank and Gaza,PSE,2015,73.442,110.4
Pacific island small states,PSS,2015,69.44447786,
Post-demographic dividend,PST,2015,80.39500807,
French Polynesia,PYF,2015,76.787,
Qatar,QAT,2015,79.758,107.2
Romania,ROU,2015,74.91219512,263.1
Russian Federation,RUS,2015,71.18341463,234.3
Rwanda,RWA,2015,67.45,113.9
South Asia,SAS,2015,68.64190072,
Saudi Arabia,SAU,2015,74.651,96.4
Sudan,SDN,2015,64.429,95.7
Senegal,SEN,2015,66.747,119.5
Singapore,SGP,2015,82.74390244,233
Solomon Islands,SLB,2015,72.173,130.4
Sierra Leone,SLE,2015,52.941,102.1
El Salvador,SLV,2015,72.412,129.6
Somalia,SOM,2015,55.92,118.1
Sub-Saharan Africa (excluding high income),SSA,2015,59.95148449,
South Sudan,SSD,2015,56.855,
Sub-Saharan Africa,SSF,2015,59.95283057,
Small states,SST,2015,68.61401559,
Sao Tome and Principe,STP,2015,69.377,126.4
Suriname,SUR,2015,71.249,167.5
Slovak Republic,SVK,2015,76.56341463,296.8
Slovenia,SVN,2015,80.77560976,309
Sweden,SWE,2015,82.20487805,288.6
Eswatini,SWZ,2015,55.359,167.5
Seychelles,SYC,2015,74.29512195,299.2
Syrian Arab Republic,SYR,2015,69.908,317.6
Chad,TCD,2015,53.137,102.3
East Asia & Pacific (IDA & IBRD countries),TEA,2015,74.53991042,
Europe & Central Asia (IDA & IBRD countries),TEC,2015,73.14793068,
Togo,TGO,2015,59.927,111.7
Thailand,THA,2015,76.091,164
Tajikistan,TJK,2015,70.137,89.7
Turkmenistan,TKM,2015,67.704,128.8
Latin America & the Caribbean (IDA & IBRD countries),TLA,2015,74.86655945,
Timor-Leste,TLS,2015,68.459,89.7
Middle East & North Africa (IDA & IBRD countries),TMN,2015,72.99505254,
Tonga,TON,2015,70.517,111.7
South Asia (IDA & IBRD),TSA,2015,68.64190072,
Sub-Saharan Africa (IDA & IBRD countries),TSS,2015,59.95283057,
Trinidad and Tobago,TTO,2015,72.941,193.9
Tunisia,TUN,2015,75.922,133.5
Turkey,TUR,2015,76.532,231.5
Tanzania,TZA,2015,63.111,133.7
Uganda,UGA,2015,61.373,153.8
Ukraine,UKR,2015,71.1895122,212.8
Upper middle income,UMC,2015,74.99742325,
Uruguay,URY,2015,77.369,269.3
United States,USA,2015,78.6902439,362.2
Uzbekistan,UZB,2015,70.928,108.1
St. Vincent and the Grenadines,VCT,2015,72.095,174.3
"Venezuela, RB",VEN,2015,72.584,181.1
Virgin Islands (U.S.),VIR,2015,79.01707317,
Vietnam,VNM,2015,75.11,181.1
Vanuatu,VUT,2015,69.869,108.8
World,WLD,2015,71.95214696,
Samoa,WSM,2015,72.73,236.4
Kosovo,XKX,2015,71.49512195,
"Yemen, Rep.",YEM,2015,66.085,97
South Africa,ZAF,2015,62.649,209.5
Zambia,ZMB,2015,61.737,153.5
Zimbabwe,ZWE,2015,59.534,200.4
Aruba,ABW,2018,76.152,
Africa Eastern and Southern,AFE,2018,63.64898804,
Afghanistan,AFG,2018,64.486,108.8
Africa Western and Central,AFW,2018,57.76234679,
Angola,AGO,2018,60.782,130.6
Albania,ALB,2018,78.458,148.1
Arab World,ARB,2018,71.80707511,
United Arab Emirates,ARE,2018,77.814,106.7
Argentina,ARG,2018,76.52,218.2
Armenia,ARM,2018,74.945,202.9
Antigua and Barbuda,ATG,2018,76.885,130.6
Australia,AUS,2018,82.74878049,452.4
Austria,AUT,2018,81.69268293,255.7
Azerbaijan,AZE,2018,72.864,141.8
Burundi,BDI,2018,61.247,135.5
Belgium,BEL,2018,81.59512195,349.2
Benin,BEN,2018,61.47,95.8
Burkina Faso,BFA,2018,61.174,112
Bangladesh,BGD,2018,72.32,106.2
Bulgaria,BGR,2018,74.96341463,247.1
Bahrain,BHR,2018,77.163,112.2
"Bahamas, The",BHS,2018,73.752,164
Bosnia and Herzegovina,BIH,2018,77.262,227.1
Belarus,BLR,2018,74.17560976,252.8
Belize,BLZ,2018,74.496,120.9
Bolivia,BOL,2018,71.239,137.5
Brazil,BRA,2018,75.672,215.4
Barbados,BRB,2018,79.081,219.2
Brunei Darussalam,BRN,2018,75.722,215.4
Bhutan,BTN,2018,71.46,81.9
Botswana,BWA,2018,69.275,109.5
Central African Republic,CAF,2018,52.805,100.4
Canada,CAN,2018,82.04878049,348
Central Europe and the Baltics,CEB,2018,76.97682268,
Switzerland,CHE,2018,83.75365854,317.6
Channel Islands,CHI,2018,82.928,
Chile,CHL,2018,80.042,180.9
China,CHN,2018,76.704,204.8
Cote d'Ivoire,CIV,2018,57.422,188.7
Cameroon,CMR,2018,58.921,127.6
"Congo, Dem. Rep.",COD,2018,60.368,292.6
"Congo, Rep.",COG,2018,64.29,111.8
Colombia,COL,2018,77.109,182.3
Comoros,COM,2018,64.118,111.8
Cabo Verde,CPV,2018,72.782,348
Costa Rica,CRI,2018,80.095,188.7
Caribbean small states,CSS,2018,73.63710628,
Cuba,CUB,2018,78.726,256.7
Cyprus,CYP,2018,80.828,292.6
Czech Republic,CZE,2018,79.02926829,292.6
Germany,DEU,2018,80.89268293,313.2
Djibouti,DJI,2018,66.582,91
Denmark,DNK,2018,80.95365854,351.1
Dominican Republic,DOM,2018,73.892,172.4
Algeria,DZA,2018,76.693,135.3
East Asia & Pacific (excluding high income),EAP,2018,75.21766316,
Early-demographic dividend,EAR,2018,70.48323834,
East Asia & Pacific,EAS,2018,76.07158863,
Europe & Central Asia (excluding high income),ECA,2018,73.67534256,
Europe & Central Asia,ECS,2018,77.91035086,
Ecuador,ECU,2018,76.8,154.6
"Egypt, Arab Rep.",EGY,2018,71.825,159.4
Euro area,EMU,2018,82.0598817,
Eritrea,ERI,2018,65.941,100.8
Spain,ESP,2018,83.43170732,277.2
Estonia,EST,2018,78.24390244,278.5
Ethiopia,ETH,2018,66.24,106.7
European Union,EUU,2018,81.03490546,
Fragile and conflict affected situations,FCS,2018,62.19424904,
Finland,FIN,2018,81.73414634,271.2
Fiji,FJI,2018,67.341,169.7
France,FRA,2018,82.72439024,341.9
Faroe Islands,FRO,2018,82.49512195,
"Micronesia, Fed. Sts.",FSM,2018,67.755,106.7
Gabon,GAB,2018,66.187,115.8
United Kingdom,GBR,2018,81.25609756,319.9
Georgia,GEO,2018,73.6,196.1
Ghana,GHA,2018,63.78,115.9
Guinea,GIN,2018,61.185,116.6
"Gambia, The",GMB,2018,61.735,164
Guinea-Bissau,GNB,2018,58.003,107.2
Equatorial Guinea,GNQ,2018,58.402,110.1
Greece,GRC,2018,81.78780488,264.7
Grenada,GRD,2018,72.384,264.7
Guatemala,GTM,2018,74.063,123.1
Guam,GUM,2018,79.859,
Guyana,GUY,2018,69.774,141.5
High income,HIC,2018,80.78733976,
"Hong Kong SAR, China",HKG,2018,84.93414634,
Honduras,HND,2018,75.088,133.7
Heavily indebted poor countries (HIPC),HPC,2018,63.13499116,
Croatia,HRV,2018,78.07073171,217.1
Haiti,HTI,2018,63.66,137.9
Hungary,HUN,2018,76.06585366,338.2
IBRD only,IBD,2018,73.41190445,
IDA & IBRD total,IBT,2018,71.08065527,
IDA total,IDA,2018,64.24817977,
IDA blend,IDB,2018,62.16186739,
Indonesia,IDN,2018,71.509,141.1
IDA only,IDX,2018,65.30456203,
India,IND,2018,69.416,97.1
Ireland,IRL,2018,82.25609756,372.8
"Iran, Islamic Rep.",IRN,2018,76.479,152.7
Iraq,IRQ,2018,70.454,134.9
Iceland,ISL,2018,82.86097561,265.1
Israel,ISR,2018,82.80243902,240.7
Italy,ITA,2018,83.34634146,292.6
Jamaica,JAM,2018,74.368,198.8
Jordan,JOR,2018,74.405,155.3
Japan,JPN,2018,84.21097561,285.1
Kazakhstan,KAZ,2018,73.15,166.9
Kenya,KEN,2018,66.342,149.2
Kyrgyz Republic,KGZ,2018,71.4,130.6
Cambodia,KHM,2018,69.57,135.3
Kiribati,KIR,2018,68.116,149.2
"Korea, Rep.",KOR,2018,82.62682927,242.7
Kuwait,KWT,2018,75.398,115.7
Latin America & Caribbean (excluding high income),LAC,2018,75.42250137,
Lao PDR,LAO,2018,67.61,165.8
Lebanon,LBN,2018,78.875,156.8
Liberia,LBR,2018,63.73,119.3
Libya,LBY,2018,72.724,132.2
St. Lucia,LCA,2018,76.057,174.3
Latin America & Caribbean,LCN,2018,75.4408494,
Least developed countries: UN classification,LDC,2018,65.03980124,
Low income,LIC,2018,63.38749938,
Sri Lanka,LKA,2018,76.812,105.4
Lower middle income,LMC,2018,68.86963715,
Low & middle income,LMY,2018,71.02162515,
Lesotho,LSO,2018,53.705,109
Late-demographic dividend,LTE,2018,76.22687683,
Lithuania,LTU,2018,75.6804878,293.4
Luxembourg,LUX,2018,82.29512195,291.9
Latvia,LVA,2018,74.78292683,301.5
"Macao SAR, China",MAC,2018,84.118,
St. Martin (French part),MAF,2018,79.82195122,
Morocco,MAR,2018,76.453,148.3
Moldova,MDA,2018,71.808,227
Madagascar,MDG,2018,66.681,124.3
Maldives,MDV,2018,78.627,123.7
Middle East & North Africa,MEA,2018,74.08883309,
Mexico,MEX,2018,74.992,140.4
Middle income,MIC,2018,71.861587,
North Macedonia,MKD,2018,75.688,291.9
Mali,MLI,2018,58.893,140.3
Malta,MLT,2018,82.44878049,244.6
Myanmar,MMR,2018,66.867,136.8
Middle East & North Africa (excluding high income),MNA,2018,73.5873387,
Montenegro,MNE,2018,76.77,290.2
Mongolia,MNG,2018,69.689,215.6
Mozambique,MOZ,2018,60.163,135.3
Mauritania,MRT,2018,64.704,108.6
Mauritius,MUS,2018,74.41634146,155
Malawi,MWI,2018,63.798,154.2
Malaysia,MYS,2018,75.997,143.9
North America,NAC,2018,78.98679131,
Namibia,NAM,2018,63.373,198.3
New Caledonia,NCL,2018,77.43414634,
Niger,NER,2018,62.024,78.4
Nigeria,NGA,2018,54.332,110.4
Nicaragua,NIC,2018,74.275,135.7
Netherlands,NLD,2018,81.81219512,349.6
Norway,NOR,2018,82.75853659,327.5
Nepal,NPL,2018,70.478,80.9
New Zealand,NZL,2018,81.85853659,422.9
OECD members,OED,2018,80.10453371,
Oman,OMN,2018,77.633,103.8
Other small states,OSS,2018,68.54681339,
Pakistan,PAK,2018,67.114,110.4
Panama,PAN,2018,78.329,151
Peru,PER,2018,76.516,176.3
Philippines,PHL,2018,71.095,162
Papua New Guinea,PNG,2018,64.263,199.4
Poland,POL,2018,77.60243902,267.3
Pre-demographic dividend,PRE,2018,60.820942,
Puerto Rico,PRI,2018,79.77819512,
"Korea, Dem. People's Rep.",PRK,2018,72.095,161.5
Portugal,PRT,2018,81.32439024,261.8
Paraguay,PRY,2018,74.131,191
West Bank and Gaza,PSE,2018,73.895,110.4
Pacific island small states,PSS,2018,69.9290488,
Post-demographic dividend,PST,2018,80.69375109,
French Polynesia,PYF,2018,77.462,
Qatar,QAT,2018,80.1,107.2
Romania,ROU,2018,75.35853659,263.1
Russian Federation,RUS,2018,72.66219512,234.3
Rwanda,RWA,2018,68.7,113.9
South Asia,SAS,2018,69.41226994,
Saudi Arabia,SAU,2018,74.998,96.4
Sudan,SDN,2018,65.095,95.7
Senegal,SEN,2018,67.665,119.5
Singapore,SGP,2018,83.29756098,233
Solomon Islands,SLB,2018,72.835,130.4
Sierra Leone,SLE,2018,54.309,102.1
El Salvador,SLV,2018,73.096,129.6
Somalia,SOM,2018,57.068,118.1
Sub-Saharan Africa (excluding high income),SSA,2018,61.27199431,
South Sudan,SSD,2018,57.604,
Sub-Saharan Africa,SSF,2018,61.27303249,
Small states,SST,2018,69.5410318,
Sao Tome and Principe,STP,2018,70.17,126.4
Suriname,SUR,2018,71.57,167.5
Slovak Republic,SVK,2018,77.26585366,296.8
Slovenia,SVN,2018,81.37804878,309
Sweden,SWE,2018,82.55853659,288.6
Eswatini,SWZ,2018,59.401,167.5
Seychelles,SYC,2018,72.84146341,299.2
Syrian Arab Republic,SYR,2018,71.779,317.6
Chad,TCD,2018,53.977,102.3
East Asia & Pacific (IDA & IBRD countries),TEA,2018,75.2562801,
Europe & Central Asia (IDA & IBRD countries),TEC,2018,74.03943633,
Togo,TGO,2018,60.76,111.7
Thailand,THA,2018,76.931,164
Tajikistan,TJK,2018,70.879,89.7
Turkmenistan,TKM,2018,68.073,128.8
Latin America & the Caribbean (IDA & IBRD countries),TLA,2018,75.35732803,
Timor-Leste,TLS,2018,69.26,89.7
Middle East & North Africa (IDA & IBRD countries),TMN,2018,73.58362363,
Tonga,TON,2018,70.801,111.7
South Asia (IDA & IBRD),TSA,2018,69.41226994,
Sub-Saharan Africa (IDA & IBRD countries),TSS,2018,61.27303249,
Trinidad and Tobago,TTO,2018,73.38,193.9
Tunisia,TUN,2018,76.505,133.5
Turkey,TUR,2018,77.437,231.5
Tanzania,TZA,2018,65.015,133.7
Uganda,UGA,2018,62.973,153.8
Ukraine,UKR,2018,71.58268293,212.8
Upper middle income,UMC,2018,75.74501834,
Uruguay,URY,2018,77.77,269.3
United States,USA,2018,78.63902439,362.2
Uzbekistan,UZB,2018,71.573,108.1
St. Vincent and the Grenadines,VCT,2018,72.415,174.3
"Venezuela, RB",VEN,2018,72.128,181.1
Virgin Islands (U.S.),VIR,2018,79.5195122,
Vietnam,VNM,2018,75.317,181.1
Vanuatu,VUT,2018,70.323,108.8
World,WLD,2018,72.57410224,
Samoa,WSM,2018,73.187,236.4
Kosovo,XKX,2018,72.24390244,
"Yemen, Rep.",YEM,2018,66.096,97
South Africa,ZAF,2018,63.857,209.5
Zambia,ZMB,2018,63.51,153.5
Zimbabwe,ZWE,2018,61.195,200.4
